list,100000
Is,137
clinton,137
cole,136
pipelin,134
solv,132
cook,131
rice,130
belong,130
plan,130
perman,130
daren,129
junk,129
penman,129
restructur,129
samantha,129
hart,128
lastli,128
gregori,128
ontario,127
smart,127
stem,127
core,127
advertis,127
just,127
certain,127
valid,127
with,127
univers,127
HI,127
poor,126
yoder,126
booth,126
jame,126
taught,126
india,126
horribl,126
prevail,126
deliber,125
chronicl,125
denni,125
hung,125
found,125
introduc,125
hi,125
manag,125
move,124
produc,124
alter,124
grass,124
gonzal,124
advoc,124
invok,124
resort,124
cycl,124
necessari,124
elsa,124
outright,123
katherin,123
distribut,123
submiss,123
percept,123
your,123
defens,123
campaign,123
taken,122
slightli,122
es,122
prudent,122
farmer,122
vladimir,122
freez,122
commission,122
inspir,122
world,122
torrey,122
factori,122
newspap,121
creativ,121
snow,121
shortli,121
errol,121
eric,121
internship,121
kimberle,121
repeat,121
protocol,121
IV,121
grew,121
registr,121
disregard,121
catherin,121
swift,121
least,121
alarm,121
tara,121
cellular,121
gave,121
martin,121
traffic,120
sight,120
jurisdict,120
dina,120
boot,120
august,120
shelbi,120
MG,120
cst,120
dept,120
ambiti,120
front,120
headquart,120
mayb,120
ad,120
deposit,120
aid,120
jean,120
exact,120
seven,120
popul,120
tax,120
shell,120
bate,120
DJ,120
roughli,120
sponsorship,120
hire,120
modul,120
simpl,120
overse,119
bullish,119
screen,119
pr,119
obstacl,119
withhold,119
wonder,119
detail,119
btu,119
lng,119
citibank,119
bud,119
younger,119
deem,119
mother,119
conni,119
composit,119
argentina,119
possibl,119
tire,119
matrix,119
pressur,119
formal,119
pain,119
portland,119
myer,119
forget,119
manhattan,119
jacki,119
clean,119
orig,119
levi,119
often,119
batch,119
assist,119
partner,119
clearli,119
difficulti,119
disadvantag,118
shot,118
job,118
joseph,118
mexican,118
geoff,118
configur,118
groceri,118
nov,118
citizen,118
carr,118
plaza,118
await,118
larger,118
light,118
kirbi,118
bull,118
strengthen,118
graphic,118
amaz,118
length,118
tank,118
revis,118
almost,118
advis,118
shake,118
martinez,118
paid,118
nerv,118
val,118
smith,118
monthli,118
diego,118
sam,118
daniel,118
kind,118
code,118
IT,118
passeng,118
varianc,118
inevit,118
extend,118
violat,118
steve,117
forthcom,117
complaint,117
overnight,117
amount,117
fund,117
optim,117
quantit,117
pure,117
cynthia,117
ray,117
tobi,117
santa,117
bill,117
asia,117
JV,117
webb,117
gloria,117
kenneth,117
slowli,117
del,117
eva,117
approxim,117
loss,117
accru,117
lot,117
caus,117
crew,117
red,117
steel,117
ate,117
decor,117
laura,117
whose,117
turn,117
auburn,117
fabul,117
convent,117
coo,117
credit,117
unexpect,117
middl,116
succeed,116
telecommun,116
diagram,116
dedic,116
down,116
perri,116
mortgag,116
stay,116
tab,116
coverag,116
better,116
wider,116
unsuccess,116
disciplin,116
display,116
calcul,116
sandwich,116
petroleum,116
lon,116
merci,116
eight,116
suspens,116
grab,116
unavail,116
via,116
updat,116
fast,116
bet,116
angri,116
upward,116
defici,116
elect,116
hunt,116
mara,116
christi,116
taffi,116
chairperson,116
rachel,116
grill,116
perkin,116
paraleg,116
simplifi,116
increas,116
essenti,116
brain,116
miguel,116
thoma,116
chariti,116
delay,116
dori,116
stamp,116
motiv,116
accid,116
men,116
bennett,116
do,116
sharon,116
ought,116
copyright,116
humor,116
laid,115
competitor,115
bernstein,115
assumpt,115
depth,115
flexibl,115
foreign,115
pro,115
rhett,115
encourag,115
sourc,115
alberto,115
salad,115
rare,115
bell,115
disclosur,115
flynn,115
leader,115
love,115
warwick,115
ltd,115
hull,115
conceptu,115
restat,115
capac,115
bland,115
dian,115
told,115
unwind,115
signal,115
wipe,115
jul,115
harvey,115
modern,115
rain,115
elliott,115
Re,115
commerci,115
intervent,115
deficit,115
offens,115
icc,115
decreas,115
capabl,115
dad,115
fuller,115
admit,115
sept,115
clarif,115
view,115
robbi,115
leadership,115
motley,115
bear,115
gareth,115
stack,115
warrant,115
largest,115
float,115
messeng,115
die,115
audit,115
content,115
fell,115
lloyd,115
attn,115
differ,115
cathi,115
plane,114
eugen,114
regret,114
jeremi,114
unaccept,114
blair,114
priorit,114
common,114
origin,114
lead,114
easter,114
excel,114
physic,114
fletch,114
total,114
cooper,114
vast,114
CT,114
faith,114
disappear,114
annoy,114
there,114
CO,114
presum,114
develop,114
appear,114
valuat,114
worri,114
rough,114
requir,114
realiz,114
fill,114
chocol,114
accumul,114
strip,114
vol,114
nelson,114
oscar,114
herod,114
ventur,114
trevino,114
acquir,114
architectur,114
reaction,114
earl,114
meyer,114
provis,114
church,114
mission,114
colleg,114
ceas,114
mcconnel,114
novemb,114
devon,114
williamson,114
inspect,114
carey,114
worth,114
morri,114
issuanc,114
shortfal,114
equat,114
game,114
cumul,114
cob,114
menu,114
audio,114
senat,114
desper,114
folk,114
permiss,114
benefit,114
greenberg,114
keller,114
scan,114
mood,114
it,114
blind,113
rick,113
reg,113
convey,113
neat,113
met,113
inclin,113
bottl,113
withdraw,113
internet,113
partnership,113
US,113
special,113
ali,113
pose,113
becki,113
enthusiast,113
kern,113
frustrat,113
kay,113
unwil,113
lose,113
nora,113
technolog,113
side,113
bid,113
mona,113
jen,113
payabl,113
builder,113
until,113
other,113
behalf,113
entranc,113
then,113
character,113
bernic,113
kenni,113
editori,113
squeez,113
reconcil,113
legislatur,113
gain,113
arena,113
senior,113
motor,113
courtesi,113
koch,113
sec,113
exhaust,113
leas,113
sacramento,113
flood,113
moodi,113
synergi,113
abus,113
desir,113
when,113
ticket,113
shape,113
excerpt,113
recent,113
fairli,113
petit,113
toy,113
glover,113
desert,113
cell,113
council,113
ralli,113
collabor,113
imposs,113
lang,113
brook,113
wealth,113
kit,113
termin,113
bay,113
merri,113
ignor,113
remain,113
puerto,113
mechan,113
rob,112
girlfriend,112
lauri,112
skip,112
commit,112
vacat,112
insight,112
transpar,112
express,112
exactli,112
enthusiasm,112
thereof,112
tradit,112
II,112
victor,112
fals,112
vanc,112
older,112
caution,112
streamlin,112
jefferi,112
tongu,112
challeng,112
LC,112
tori,112
mccullough,112
prime,112
shanna,112
chees,112
jane,112
italian,112
broker,112
pine,112
tabl,112
sage,112
ellen,112
mere,112
paulo,112
ensur,112
brief,112
rational,112
agenc,112
fair,112
road,112
deduct,112
ben,112
medium,112
fear,112
DO,112
gari,112
versu,112
ship,112
ye,112
MK,112
cream,112
shore,112
smoothli,112
endeavor,112
famou,112
urgent,112
ladi,112
bore,112
routin,112
process,112
bret,112
monopoli,112
mccoy,112
ear,112
posit,112
gate,112
spoke,112
volatil,112
fatal,112
belief,112
browser,112
quantiti,112
brother,112
hot,112
consum,112
measur,112
constantli,112
phillip,112
transport,112
GE,112
tip,112
gerald,112
andi,112
neg,112
male,112
erik,112
incred,112
janet,112
hundr,112
compens,112
throw,112
shorten,111
eager,111
box,111
mba,111
broadcast,111
wharton,111
inabl,111
crimin,111
knee,111
cherri,111
nick,111
magic,111
ian,111
dyer,111
clock,111
button,111
donovan,111
distinguish,111
distinct,111
paragraph,111
crisi,111
harm,111
outlook,111
select,111
preced,111
duncan,111
commerc,111
inconveni,111
etc,111
DB,111
ride,111
attempt,111
NJ,111
beneficiari,111
gambl,111
energi,111
pari,111
hair,111
resign,111
con,111
unawar,111
begun,111
graduat,111
temperatur,111
shield,111
aris,111
martha,111
insist,111
serv,111
coral,111
contribut,111
passion,111
slate,111
delta,111
tweed,111
guid,111
acquisit,111
valentin,111
bucket,111
break,111
danni,111
incorpor,111
abil,111
brian,111
weigh,111
loretta,111
seriou,111
jointli,111
spent,111
albuquerqu,111
along,111
crandal,111
inappropri,111
spill,111
overcom,111
suddenli,111
doorstep,111
longest,111
her,111
subscrib,111
cyndi,111
accompani,111
mous,111
emili,111
lunch,111
estim,111
militari,111
offset,111
store,111
AZ,111
pager,111
delawar,111
devic,111
bart,111
sunday,111
otherwis,111
classic,111
garden,111
evergreen,111
karla,111
mo,111
hyatt,111
josh,111
longhorn,111
conscienc,111
watt,111
receipt,111
truli,111
bout,111
vernon,111
lo,111
mallori,111
burlington,111
closur,111
kyle,111
columbia,111
sarah,111
york,111
height,111
retroact,111
readili,111
extent,111
buri,111
chamber,111
ultim,110
brennan,110
eel,110
air,110
bean,110
interview,110
definit,110
successor,110
plenti,110
empir,110
fergu,110
speaker,110
fiber,110
expens,110
lake,110
caught,110
fiona,110
meal,110
manufactur,110
hour,110
materi,110
draw,110
cobb,110
politician,110
airport,110
client,110
omit,110
arguabl,110
feasibl,110
agenda,110
fun,110
jimmi,110
broken,110
atlant,110
best,110
roy,110
fail,110
liquid,110
felip,110
from,110
hike,110
remov,110
distil,110
brainstorm,110
action,110
vendor,110
task,110
sue,110
troy,110
password,110
barbara,110
jare,110
certifi,110
newest,110
franchis,110
upsid,110
analyz,110
increment,110
celest,110
steam,110
deepli,110
worker,110
rep,110
intent,110
constitut,110
jon,110
queri,110
polici,110
long,110
relat,110
diana,110
unsur,110
multipli,110
feet,110
roof,110
entiti,110
wallet,110
gail,110
temp,110
horn,110
sixth,110
math,110
lynch,110
brant,110
demo,110
jacob,110
defin,110
tactic,110
collater,110
wine,110
bend,110
attend,110
karl,110
addresse,110
visibl,110
green,110
timet,110
tail,110
enclos,110
doyl,110
space,110
tran,110
swamp,110
reli,110
lesser,110
curv,110
pocket,110
ibrahim,110
accommod,110
movi,110
trail,110
dollar,110
hansen,110
lou,110
shipper,110
technic,110
thousand,110
cap,110
warn,110
henri,110
compani,110
tennesse,110
mcdonald,110
symbol,110
fraser,109
not,109
dress,109
fifth,109
bibi,109
berri,109
intercontinent,109
mcmahon,109
till,109
cfo,109
earn,109
cara,109
oper,109
campu,109
MS,109
bind,109
forum,109
natali,109
rule,109
exempt,109
argu,109
entertain,109
web,109
count,109
gotten,109
colin,109
IF,109
perhap,109
essenc,109
evolut,109
recip,109
social,109
spirit,109
surprisingli,109
awesom,109
applic,109
specialist,109
freak,109
harri,109
sister,109
tree,109
eye,109
five,109
transmitt,109
obviou,109
salli,109
NM,109
lump,109
baltimor,109
plaintiff,109
subpoena,109
did,109
statutori,109
CD,109
campo,109
hassl,109
investig,109
aron,109
anna,109
hello,109
illeg,109
atlanta,109
vivian,109
expert,109
respons,109
moreov,109
meter,109
dumb,109
barrier,109
louis,109
baxter,109
berkeley,109
wk,109
reorgan,109
contempl,109
gomez,109
viru,109
crane,109
insid,109
sought,109
stronger,109
overal,109
smoke,109
host,109
notic,109
renew,109
legitim,109
joyc,109
hong,109
tina,109
rapid,109
henderson,109
allen,109
mover,109
reconcili,109
deliv,109
maureen,109
visitor,109
prize,109
jay,109
christian,109
hug,109
kelli,109
downsid,109
gmt,109
gear,109
benchmark,109
mi,109
strang,109
exercis,109
NA,109
elimin,109
white,109
alamo,109
amen,109
theori,109
accident,109
marlen,109
nail,109
roster,109
discrep,109
merger,109
needl,109
jere,109
formul,109
strongli,109
carolina,109
analog,109
toler,109
slight,109
buzz,109
should,109
bite,109
care,109
maxwel,109
champion,109
jail,109
jersey,109
herebi,109
apr,108
actual,108
mckay,108
museum,108
phil,108
same,108
disposit,108
femal,108
els,108
passport,108
moss,108
atmospher,108
evalu,108
affili,108
sentiment,108
scroll,108
woman,108
humbl,108
cake,108
togeth,108
charg,108
cite,108
member,108
judgment,108
sandi,108
downtown,108
medic,108
midway,108
ref,108
tear,108
oracl,108
ex,108
vest,108
refin,108
uniqu,108
sign,108
cheer,108
curt,108
jarrod,108
clem,108
bless,108
pledg,108
shotgun,108
loos,108
implement,108
paula,108
escal,108
shit,108
intel,108
tragedi,108
wang,108
para,108
kevin,108
inact,108
hang,108
thrill,108
conform,108
slept,108
car,108
odd,108
suzann,108
independ,108
dari,108
walker,108
free,108
cum,108
malcolm,108
discourag,108
pump,108
card,108
potenti,108
merril,108
biggest,108
click,108
lien,108
implic,108
scene,108
shine,108
rel,108
check,108
carla,108
paperwork,108
crude,108
period,108
fyi,108
stipul,108
tag,108
honest,108
rather,108
southern,108
third,108
tini,108
cat,108
sausag,108
escap,108
forster,108
gentleman,108
pan,108
becom,108
decad,108
curri,108
track,108
goe,108
conveni,108
accept,108
spokesman,108
reyna,108
cough,108
solut,108
act,108
doug,108
cline,108
season,108
slot,108
threat,108
ST,108
jump,108
indic,108
got,108
robinson,108
matthia,108
regul,108
rusti,108
past,108
water,108
complet,108
divid,108
novel,108
garag,108
serious,108
minimum,108
outrag,108
hector,108
donna,107
presidenti,107
cart,107
workout,107
moment,107
microsoft,107
dupont,107
hardi,107
gil,107
isol,107
born,107
wide,107
parson,107
valu,107
strict,107
rex,107
style,107
felicia,107
ski,107
oregon,107
adult,107
monika,107
centuri,107
sylvia,107
seri,107
jeani,107
jenkin,107
rumor,107
louisiana,107
late,107
unlik,107
explor,107
sherman,107
phylli,107
possess,107
northwest,107
hard,107
scope,107
gener,107
ram,107
determin,107
logic,107
fact,107
sick,107
reiter,107
smile,107
lotu,107
gwyn,107
truck,107
pin,107
vicki,107
antitrust,107
cocktail,107
disast,107
certainti,107
lindsay,107
gu,107
jack,107
ashley,107
hurri,107
buyer,107
kurt,107
duran,107
submit,107
patterson,107
clerk,107
incorrectli,107
coal,107
forecast,107
relationship,107
valuabl,107
co,107
advic,107
gov,107
Up,107
climb,107
tanya,107
outfit,107
protest,107
announc,107
digit,107
mtg,107
california,107
latter,107
buckley,107
consult,107
plug,107
photograph,107
threaten,107
matt,107
discrimin,107
garner,107
holm,107
jacquelin,107
expans,107
tailor,107
mandat,107
quarter,107
further,107
pictur,107
major,107
assur,107
banker,107
dispos,107
haul,107
nearli,107
environment,107
GA,107
directli,107
birth,107
EB,107
beyond,107
vari,107
constraint,107
except,107
fred,107
assess,107
pierr,107
contain,107
carv,107
crazi,107
membership,107
unusu,107
queen,107
appli,107
beef,107
research,107
philip,107
rodriquez,107
sheila,107
persuad,107
shorter,107
diann,107
employe,107
medicin,107
bonu,107
volunt,107
apart,107
AP,107
extrem,107
proud,106
stabl,106
kari,106
bracket,106
journal,106
quotat,106
conting,106
justic,106
alumni,106
simpli,106
crawford,106
shirley,106
analyt,106
fire,106
young,106
mcgowan,106
terrif,106
truth,106
anytim,106
zachari,106
cater,106
full,106
wear,106
sport,106
brochur,106
error,106
between,106
opportun,106
ineffici,106
bankruptci,106
loui,106
cameron,106
primari,106
bone,106
kelley,106
merchant,106
trick,106
bench,106
meant,106
reliant,106
video,106
defend,106
destin,106
suffer,106
render,106
willi,106
forc,106
becam,106
share,106
venu,106
improv,106
paig,106
drive,106
stood,106
unregul,106
macro,106
electron,106
lift,106
kiss,106
mathemat,106
mat,106
ronald,106
faculti,106
level,106
dual,106
keep,106
shift,106
memorandum,106
don,106
stat,106
edison,106
have,106
safeti,106
binder,106
convers,106
sell,106
insert,106
sugar,106
injuri,106
tast,106
irma,106
charter,106
charlott,106
color,106
staff,106
women,106
juli,106
lodg,106
nobl,106
feb,106
vision,106
municip,106
matthew,106
recov,106
gone,106
arm,106
carter,106
spencer,106
cubic,106
toronto,106
british,106
moniqu,106
la,106
dale,106
rebook,106
landscap,106
cdt,106
russ,106
sinc,106
faster,106
penn,106
afraid,106
greatest,106
hell,106
land,106
shoulder,106
exchang,106
eddi,106
wireless,106
pm,106
lillian,106
london,106
victoria,106
gang,106
experi,106
bump,106
bowl,106
omaha,106
suprem,106
stearn,106
alma,106
issuer,106
juan,106
pertain,106
opposit,106
morn,106
formula,106
cloud,106
morgan,106
dunn,106
stare,106
kathleen,106
histor,106
reid,106
em,106
octob,106
accord,106
ration,106
recollect,106
qualiti,106
specul,106
rodney,106
guest,106
carlson,106
soar,106
jim,106
honey,106
deviat,106
ownership,106
slower,106
accur,106
law,106
rub,106
acr,106
grave,106
susan,106
exit,106
entri,106
cooler,106
rival,106
duplic,106
reconsid,106
benson,106
andrea,106
name,106
deleg,106
donat,106
recognit,106
thor,106
brenda,106
laurel,106
piec,105
learn,105
barri,105
erin,105
debt,105
expect,105
cautiou,105
hawkin,105
elain,105
uncomfort,105
commonwealth,105
choos,105
gretchen,105
occurr,105
typo,105
casey,105
lengthi,105
georg,105
equip,105
both,105
seminar,105
transmit,105
RR,105
offshor,105
francisco,105
analyst,105
pretend,105
cox,105
mon,105
rich,105
turner,105
waiv,105
prioriti,105
longer,105
whi,105
landwehr,105
consequ,105
bishop,105
dinner,105
similar,105
lauren,105
equit,105
june,105
nicol,105
MC,105
rodeo,105
earth,105
weather,105
creditworthi,105
clint,105
ticker,105
tour,105
photo,105
indemn,105
washington,105
somewher,105
newslett,105
deer,105
rees,105
below,105
highlight,105
roman,105
rorschach,105
heavi,105
alto,105
kong,105
parquet,105
slide,105
thorough,105
signatori,105
volum,105
ca,105
substanti,105
site,105
BA,105
properli,105
michigan,105
can,105
liber,105
servic,105
requisit,105
flower,105
notwithstand,105
asleep,105
MY,105
brett,105
kindli,105
among,105
constrain,105
ugli,105
lincoln,105
pep,105
propos,105
liter,105
amend,105
pride,105
written,105
exceed,105
walli,105
patrick,105
norma,105
ever,105
mainlin,105
intens,105
prompt,105
tenni,105
loser,105
mike,105
TV,105
wont,105
disk,105
freeman,105
apprais,105
boat,105
model,105
spous,105
thing,105
cup,105
treat,105
gregg,105
studi,105
flore,105
two,105
heather,105
welcom,105
seattl,105
meat,105
continu,105
panhandl,105
employ,105
compon,105
roommat,105
stadium,105
barbour,105
tricia,105
magazin,105
record,105
saturday,105
journey,105
duck,105
comp,105
liar,105
blanca,105
aime,105
jordan,105
sander,105
afford,105
greater,105
carolyn,105
what,105
funer,105
absent,105
downstream,105
jerk,105
appropri,105
lamb,105
interoffic,105
No,105
million,105
even,105
note,105
reward,105
safe,105
estat,105
committe,105
whichev,104
aliv,104
famili,104
crap,104
St,104
midst,104
critic,104
bankrupt,104
version,104
eastern,104
procur,104
reagan,104
stori,104
destroy,104
forth,104
cheaper,104
valeri,104
live,104
subscript,104
mostli,104
dust,104
bypass,104
calgari,104
retain,104
understood,104
bit,104
alpha,104
finger,104
Rd,104
junior,104
massiv,104
rasmussen,104
steak,104
divers,104
refund,104
sach,104
recess,104
quick,104
key,104
nguyen,104
roseann,104
reluct,104
field,104
sale,104
owner,104
therein,104
RH,104
jeann,104
unlaw,104
packag,104
marcia,104
statut,104
chad,104
counti,104
in,104
indirectli,104
geograph,104
equal,104
expedit,104
pot,104
dismiss,104
carrol,104
circuit,104
stall,104
nap,104
voic,104
promis,104
bye,104
insur,104
problem,104
war,104
coast,104
schroeder,104
ir,104
balanc,104
billion,104
ronni,104
outstand,104
clip,104
healthi,104
cast,104
okay,104
rod,104
rosi,104
CA,104
petrochem,104
austin,104
enjoy,104
seller,104
despit,104
altern,104
data,104
earliest,104
pizza,104
demonstr,104
attack,104
correspond,104
read,104
akin,104
abandon,104
aug,104
incept,104
glenn,104
pennsylvania,104
hay,104
hesit,104
struggl,104
orlando,104
SS,104
disturb,104
suspend,104
came,104
debat,104
rita,104
fwd,104
invit,104
snack,104
remot,104
governor,104
said,104
iron,104
vincent,104
dash,104
deadlin,104
littl,104
meanwhil,104
tap,104
network,104
marri,104
stock,104
jone,104
coffe,104
spend,104
yeah,104
appendix,104
descript,104
ruth,104
result,104
formerli,104
boe,104
freedom,104
bonus,104
breakout,104
zero,104
yahoo,104
basin,104
UT,104
consumpt,104
jami,104
sir,104
societi,104
reloc,104
subject,104
categori,104
franci,104
mess,104
panel,104
hereto,104
log,104
iv,104
hourli,104
lyon,104
root,104
over,104
bug,104
lucki,104
situat,104
lesli,104
janel,104
temper,104
enterpris,104
susi,104
deb,104
began,104
fri,104
dorothi,104
roger,104
hogan,104
overhead,104
access,104
interv,104
max,104
win,104
coalit,104
direct,104
alloc,104
relay,104
consent,104
proof,103
thrown,103
penalti,103
shock,103
needless,103
deliver,103
stephani,103
bridget,103
blue,103
declin,103
someth,103
perez,103
marathon,103
wade,103
edmund,103
resolut,103
month,103
advanc,103
yield,103
basic,103
dow,103
summit,103
coven,103
feed,103
no,103
elabor,103
town,103
statist,103
monet,103
archiv,103
remedi,103
wish,103
osman,103
pollut,103
kept,103
conced,103
min,103
excus,103
maggi,103
drove,103
death,103
sullivan,103
Me,103
gonzalez,103
refresh,103
mill,103
unfair,103
regulatori,103
latin,103
smaller,103
argument,103
pickup,103
bearish,103
wagner,103
dominion,103
broke,103
bu,103
camp,103
ban,103
sustain,103
writer,103
behavior,103
perspect,103
lap,103
kayn,103
throughput,103
asap,103
victori,103
unus,103
tell,103
industri,103
fruit,103
sophist,103
marvin,103
compel,103
mix,103
michel,103
kingdom,103
testifi,103
wait,103
interest,103
leonard,103
beaver,103
lobbi,103
apollo,103
satellit,103
melinda,103
ordinari,103
mclaughlin,103
characterist,103
than,103
prove,103
hall,103
bow,103
heart,103
camil,103
bound,103
sleev,103
foundat,103
proven,103
loan,103
half,103
sara,103
barrel,103
palm,103
label,103
televis,103
frequenc,103
ii,103
drag,103
defer,103
norman,103
devot,103
simultan,103
lynn,103
graph,103
drink,103
hurt,103
regenc,103
speech,103
wild,103
esq,103
asset,103
financi,103
chose,103
epa,103
extern,103
adventur,103
th,103
jaim,103
stephen,103
patti,103
hobbi,103
blend,103
rank,103
oblig,103
craig,103
collar,103
queue,103
outing,103
shed,103
guidanc,103
OF,103
Am,103
directori,103
diamond,103
end,103
choic,103
friendship,103
piper,103
tournament,103
made,103
discov,103
candi,103
prc,103
blood,103
scare,103
regist,103
waco,103
restor,103
surcharg,103
suspect,103
fall,103
setup,103
championship,103
jason,103
dalla,103
supplement,103
lectur,103
carlo,103
ramona,103
relax,103
combin,103
LP,103
elliot,103
bert,103
deborah,103
pursu,103
carolin,103
dog,103
perform,103
genuin,103
besid,103
genia,103
christa,103
LB,103
declar,103
stick,103
marcello,103
allow,103
joey,103
polit,103
staf,103
IN,102
bought,102
german,102
conflict,102
sens,102
cost,102
dave,102
kristin,102
asst,102
taft,102
growth,102
christma,102
RC,102
calend,102
preciou,102
sand,102
yet,102
depress,102
lora,102
fuel,102
recommend,102
patricia,102
villag,102
profil,102
scienc,102
jose,102
prod,102
catch,102
hoffman,102
histori,102
economist,102
tamara,102
recept,102
creek,102
patch,102
everybodi,102
clair,102
given,102
Go,102
RE,102
band,102
foster,102
bond,102
judg,102
idea,102
cruis,102
languag,102
jana,102
sean,102
whenev,102
concept,102
DP,102
killer,102
modif,102
entir,102
shackleton,102
soft,102
kathi,102
complic,102
cecilia,102
thin,102
averag,102
interconnect,102
betti,102
realiti,102
blanket,102
inventori,102
comment,102
treasuri,102
labor,102
defect,102
tune,102
satisfi,102
pst,102
tiffani,102
conserv,102
marketplac,102
limit,102
someday,102
bandwidth,102
latest,102
coordin,102
remaind,102
correl,102
shoe,102
kennedi,102
La,102
regardless,102
black,102
although,102
dana,102
joni,102
spain,102
predict,102
gina,102
bachelor,102
escrow,102
but,102
storm,102
instead,102
refus,102
ina,102
linda,102
MW,102
recruit,102
introduct,102
EA,102
netscap,102
logist,102
account,102
delight,102
awar,102
gym,102
find,102
joani,102
fool,102
evelyn,102
tenn,102
abel,102
opinion,102
cross,102
leach,102
unabl,102
preclud,102
risk,102
thirti,102
danc,102
thompson,102
larg,102
eventu,102
stark,102
denis,102
worthless,102
mine,102
promot,102
ohio,102
neither,102
inch,102
grow,102
om,102
valley,102
huang,102
mail,102
continent,102
promptli,102
marin,102
draft,102
exampl,102
PR,102
relianc,102
carrier,102
colleagu,102
align,102
friendli,102
teacher,102
off,102
adam,102
platter,102
IS,102
surplu,102
segment,102
uncl,102
bonni,102
woodland,102
chat,102
grand,102
collaps,102
flaw,102
flip,102
lorrain,102
pray,102
kinder,102
victim,102
human,102
feder,102
career,102
paycheck,102
rental,102
organ,102
andersen,102
corri,102
mile,102
recal,102
fish,101
SP,101
been,101
standpoint,101
grade,101
cari,101
verif,101
input,101
lieu,101
cure,101
visa,101
guess,101
window,101
kati,101
onto,101
chick,101
heard,101
krishna,101
repair,101
add,101
ward,101
greg,101
chuck,101
paint,101
wall,101
subsidiari,101
mind,101
were,101
cpr,101
sat,101
spreadsheet,101
left,101
printer,101
earnest,101
wow,101
glad,101
diversifi,101
suspici,101
under,101
Ph,101
describ,101
constant,101
coop,101
cindi,101
correctli,101
bush,101
center,101
confirm,101
commiss,101
SE,101
reader,101
deni,101
pertin,101
fat,101
travel,101
seal,101
clement,101
random,101
ozzi,101
releas,101
cute,101
mechel,101
waiver,101
huber,101
overview,101
republican,101
mccarti,101
philadelphia,101
answer,101
effort,101
mention,101
veronica,101
arrang,101
verifi,101
thu,101
oral,101
TO,101
bailout,101
memori,101
olson,101
heck,101
tariff,101
mitch,101
creation,101
To,101
concert,101
MM,101
teach,101
suitabl,101
wolf,101
annot,101
SC,101
discontinu,101
armstrong,101
CC,101
happen,101
wave,101
extract,101
frankli,101
absolut,101
edt,101
trial,101
close,101
jacobi,101
mode,101
assert,101
annual,101
ave,101
dynam,101
amber,101
encount,101
conduct,101
com,101
compat,101
sooner,101
bradford,101
leav,101
cold,101
FL,101
unit,101
richmond,101
hey,101
object,101
margaret,101
boulevard,101
agre,101
region,101
duke,101
desktop,101
kate,101
ed,101
empti,101
song,101
rememb,101
open,101
rid,101
bird,101
Jr,101
professor,101
presto,101
neighbor,101
dozen,101
mean,101
lean,101
TD,101
spin,101
life,101
legisl,101
porch,101
contrast,101
frazier,101
juri,101
appl,101
england,101
varieti,101
norm,101
doe,101
ahead,101
are,101
dump,101
fuck,101
NC,101
elig,101
esp,101
yvonn,101
cant,101
Or,101
migrat,101
doubl,101
nyc,101
collin,101
warner,101
neil,101
integr,101
coleman,101
swim,101
LA,101
HE,101
corner,101
chapman,101
quietli,101
cayman,101
inc,100
place,100
away,100
Mt,100
erni,100
dramat,100
listen,100
tech,100
prior,100
gore,100
guarantor,100
payment,100
badli,100
accus,100
simmon,100
sydney,100
griffin,100
agreeabl,100
bubbl,100
grant,100
channel,100
pend,100
step,100
jet,100
luci,100
misti,100
canyon,100
mani,100
pinto,100
gerri,100
ron,100
pretti,100
sing,100
attent,100
weekend,100
underli,100
gateway,100
jenni,100
jani,100
inexpens,100
virginia,100
either,100
wayn,100
took,100
beth,100
mailbox,100
edward,100
incid,100
ball,100
liabl,100
accordingli,100
secondli,100
rude,100
matern,100
previous,100
justifi,100
reed,100
arriv,100
lie,100
these,100
proper,100
bowen,100
appreci,100
touch,100
pour,100
cancel,100
cargo,100
butt,100
hammer,100
cal,100
PL,100
southwest,100
pa,100
shower,100
accuraci,100
parti,100
babi,100
ts,100
hat,100
megan,100
angi,100
mountain,100
mom,100
fulli,100
audrey,100
net,100
hungri,100
threw,100
johnson,100
eat,100
moor,100
julia,100
melissa,100
abov,100
An,100
shipment,100
lara,100
nebraska,100
europ,100
alvarez,100
cover,100
manner,100
pearc,100
warm,100
urg,100
distributor,100
desk,100
yolanda,100
revert,100
skeptic,100
AN,100
fran,100
maximum,100
altogeth,100
proceed,100
jackson,100
approx,100
sleep,100
fault,100
nativ,100
brad,100
tomorrow,100
exam,100
electr,100
run,100
filter,100
clue,100
UK,100
substitut,100
inquiri,100
promissori,100
gray,100
stewart,100
occas,100
restart,100
about,100
stab,100
guaranti,100
resend,100
effect,100
editor,100
peopl,100
minu,100
postmast,100
edith,100
traci,100
lab,100
apolog,100
sanchez,100
strategi,100
confus,100
adequ,100
id,100
texaco,100
cours,100
lack,100
allison,100
afternoon,100
adjust,100
sound,100
madison,100
gilbert,100
dealer,100
ken,100
somewhat,100
cultur,100
disconnect,100
favor,100
tall,100
pick,100
jeff,100
minor,100
conclud,100
dietrich,100
relev,100
mann,100
yea,100
tel,100
Ca,100
venezuela,100
breakdown,100
french,100
offer,100
variabl,100
feel,100
blotter,100
Sr,100
drill,100
trim,100
tone,99
SF,99
mad,99
hess,99
man,99
liberti,99
jan,99
baylor,99
wrote,99
custodi,99
index,99
shawna,99
finish,99
map,99
powder,99
worksheet,99
burger,99
curtail,99
court,99
golf,99
freight,99
pace,99
weight,99
aspect,99
dealt,99
richter,99
stream,99
san,99
interpret,99
main,99
startup,99
reduc,99
onc,99
rene,99
temporari,99
park,99
nine,99
letterhead,99
execut,99
lori,99
boss,99
logo,99
pant,99
marc,99
charl,99
guy,99
favorit,99
golden,99
temporarili,99
dead,99
imagin,99
fountain,99
unless,99
notif,99
katz,99
footbal,99
cabinet,99
hear,99
pattern,99
went,99
bargain,99
docket,99
dolor,99
futur,99
oak,99
upset,99
ratio,99
retriev,99
upper,99
reev,99
interst,99
explos,99
suppli,99
fourth,99
persist,99
jefferson,99
wholesal,99
gulf,99
claus,99
wong,99
atti,99
vega,99
thereaft,99
calendar,99
accomplish,99
liz,99
discount,99
hide,99
bilater,99
travi,99
revisit,99
bullet,99
impact,99
too,99
chicken,99
understand,99
chairman,99
AG,99
proxi,99
bathroom,99
dawn,99
twist,99
whitehead,99
grove,99
tube,99
scratch,99
stupid,99
Li,99
helen,99
chain,99
rawson,99
facsimil,99
raymond,99
tom,99
router,99
rescu,99
attende,99
incur,99
sharehold,99
unclear,99
contest,99
massag,99
richard,99
debra,99
punch,99
chevron,99
cent,99
schneider,99
pamela,99
nose,99
rico,99
fine,99
moran,99
jorg,99
bring,99
PG,99
percent,99
antonio,99
feedback,99
principl,99
peak,99
exxon,99
overrid,99
cousin,99
royal,99
door,99
stage,99
impos,99
storag,99
nationwid,99
thane,99
camera,99
piss,99
Ya,99
capit,99
le,99
tue,99
africa,99
appar,99
resolv,99
pig,99
NE,99
toll,99
japanes,99
lester,99
differenti,99
spike,99
ten,99
orang,99
background,99
attribut,99
oh,99
parent,99
scoop,99
commod,99
afterward,99
resum,99
stanford,99
inadvert,99
translat,99
alberta,99
beg,99
anymor,99
haircut,99
debbi,99
sensit,99
craft,99
compil,99
behind,99
anticip,99
train,99
soon,99
increasingli,99
settlement,99
bag,99
establish,99
leg,99
schultz,98
exposur,98
compress,98
more,98
dine,98
iri,98
bunch,98
indian,98
paramet,98
organiz,98
clay,98
jerri,98
kori,98
after,98
extens,98
ongo,98
shout,98
omiss,98
strength,98
uncertainti,98
lend,98
recipi,98
NT,98
void,98
disrupt,98
ana,98
softwar,98
glass,98
own,98
european,98
info,98
ceo,98
colleen,98
excess,98
quicker,98
warehous,98
lehman,98
spanish,98
variou,98
kirk,98
percentag,98
achiev,98
unilater,98
devis,98
unnecessari,98
ya,98
itali,98
summer,98
url,98
art,98
northern,98
lower,98
steer,98
harrison,98
budget,98
string,98
jessica,98
ingrid,98
cab,98
vinson,98
scale,98
strain,98
dilig,98
collect,98
canada,98
guidelin,98
lucent,98
georgeann,98
prohibit,98
congest,98
andr,98
stake,98
bitch,98
AL,98
exclud,98
case,98
guerrero,98
person,98
woodi,98
flight,98
unpreced,98
alicia,98
buffalo,98
whip,98
patric,98
contributor,98
RT,98
utah,98
peter,98
pete,98
nasti,98
re,98
march,98
ridg,98
bath,98
prepar,98
ace,98
NY,98
mauric,98
necessarili,98
PX,98
justif,98
Ex,98
muriel,98
stuff,98
rest,98
wendi,98
dictat,98
strike,98
pioneer,98
arizona,98
terri,98
pencil,98
FT,98
hill,98
price,98
reunion,98
absenc,98
shane,98
former,98
mar,98
without,98
halloween,98
blank,98
instal,98
date,98
while,98
renegoti,98
quiet,98
alert,98
furnish,98
aquila,98
florida,98
meantim,98
hors,98
observ,98
quinn,98
brazilian,98
locat,98
privaci,98
charli,98
highway,98
armi,98
claim,98
nobodi,98
gallup,98
carol,98
control,98
low,98
partial,98
mass,98
inde,98
goldman,98
frequent,98
david,98
picker,98
autom,98
courier,98
marcu,98
corrupt,98
lane,98
joint,98
whatsoev,98
asian,98
ID,98
becaus,98
poll,98
revenu,98
ene,98
presid,98
domin,98
respond,98
margarita,98
kansa,98
ident,98
gather,98
student,98
dean,98
innov,98
heidi,98
swap,98
Ha,98
blew,98
plate,98
hub,98
fulton,98
comprehens,98
shame,98
aircraft,98
workshop,98
kent,98
brought,98
gold,98
sit,98
happi,97
subsidi,97
dalton,97
saw,97
TX,97
decemb,97
backup,97
calif,97
section,97
taylor,97
drew,97
salmon,97
here,97
facilit,97
shoemak,97
login,97
coupl,97
readi,97
upload,97
russian,97
associ,97
emot,97
ass,97
divorc,97
firmli,97
ET,97
equival,97
eugenio,97
kill,97
precis,97
score,97
dure,97
incent,97
domest,97
wise,97
sierra,97
portfolio,97
birthday,97
gift,97
forgotten,97
identif,97
patient,97
shutdown,97
cpa,97
fli,97
stretch,97
spread,97
bianca,97
pierc,97
currenc,97
dirti,97
breach,97
commun,97
anywher,97
leon,97
govern,97
expand,97
doc,97
moon,97
corn,97
bad,97
barnett,97
stella,97
AS,97
fewer,97
occasion,97
buy,97
troubl,97
Hi,97
jake,97
chip,97
headcount,97
download,97
democrat,97
ste,97
franc,97
competit,97
page,97
complianc,97
individu,97
statement,97
michael,97
night,97
pass,97
giant,97
everyth,97
So,97
aggress,97
high,97
anybodi,97
pink,97
su,97
winter,97
tighten,97
arbitrag,97
bold,97
criteria,97
rocket,97
pop,97
furnitur,97
drug,97
econom,97
discoveri,97
up,97
duti,97
holli,97
et,97
project,97
stan,97
format,97
guarante,97
lanc,97
prentic,97
ext,97
nicki,97
closer,97
britt,97
element,97
japan,97
nasdaq,97
synthet,97
packet,97
bank,97
alon,97
offend,97
auditor,97
award,97
grid,97
yep,97
oversea,97
interven,97
worthwhil,97
turkey,97
ann,97
be,97
justin,97
vice,97
whether,97
ground,97
indiana,97
room,97
rec,97
civil,97
approv,97
departur,97
volumetr,97
chemic,97
stanley,97
amanda,97
est,97
that,97
ethic,97
illustr,97
bitmap,97
derrick,97
constru,97
dividend,97
surfac,97
plead,97
rs,97
durat,97
kaufman,97
lui,97
command,97
lawrenc,97
custom,97
secretari,97
bother,97
zone,97
graham,97
popular,97
beauti,97
inconsist,97
maintain,96
theresa,96
mobil,96
fluctuat,96
media,96
summari,96
statu,96
personnel,96
dessert,96
mental,96
noth,96
maxim,96
mysteri,96
emphas,96
cut,96
greatli,96
institut,96
walt,96
gordon,96
turbin,96
chanc,96
launch,96
factor,96
defeat,96
explain,96
devil,96
led,96
Dr,96
edg,96
cloth,96
she,96
basketbal,96
silent,96
evid,96
nathan,96
consensu,96
regina,96
primarili,96
sandra,96
fundament,96
elizabeth,96
enough,96
slip,96
load,96
featur,96
kid,96
remind,96
wire,96
burn,96
bernadett,96
appeal,96
El,96
carmen,96
fed,96
joya,96
academ,96
refer,96
angel,96
canadian,96
alan,96
palmer,96
annuiti,96
DC,96
vagu,96
point,96
reliabl,96
specif,96
sky,96
illinoi,96
merit,96
dickson,96
street,96
terribl,96
Mr,96
tend,96
porter,96
ranch,96
concess,96
funni,96
scott,96
thur,96
dec,96
flat,96
fix,96
instant,96
tripl,96
joshua,96
scheme,96
shoot,96
hole,96
charlen,96
ideal,96
noel,96
intermedi,96
lee,96
acrobat,96
kathryn,96
retail,96
support,96
admir,96
barrett,96
adopt,96
push,96
subcommitte,96
per,96
embarrass,96
DA,96
duan,96
nice,96
mitig,96
particip,96
seek,96
extraordinari,96
testimoni,96
blvd,96
child,96
addit,96
solicit,96
maria,96
quickli,96
payrol,96
gentl,96
quarterli,96
At,96
kim,96
pablo,96
west,96
strickland,96
upcom,96
burton,96
disappoint,96
bob,96
GO,96
global,96
boon,96
exist,96
framework,96
wright,96
unfortun,96
clearer,96
silver,96
incom,96
icon,96
befor,96
regularli,96
though,96
vulner,96
rais,96
enabl,96
envis,96
miser,96
deep,96
creat,96
race,96
reveal,96
proprietari,96
dougla,96
modem,96
sharp,96
underwrit,96
neglect,96
parallel,96
nanci,96
acknowledg,96
english,96
reason,96
affect,96
neutral,96
home,96
loud,96
final,96
southeast,96
leak,96
none,96
anoth,96
vinc,96
automat,96
had,96
rsvp,96
blow,96
keen,96
natur,96
prefer,96
jacket,96
steep,96
goal,96
sack,96
jun,96
handout,96
miscellan,96
par,96
espinoza,96
johnni,96
ramp,96
fallon,96
Ed,96
margin,95
twenti,95
construct,95
due,95
avenu,95
aaron,95
pack,95
higher,95
laugh,95
intercept,95
unlimit,95
mouth,95
clifford,95
nervou,95
flash,95
deriv,95
vital,95
nut,95
rotat,95
Jo,95
albert,95
husband,95
owen,95
hate,95
occur,95
patent,95
sort,95
marti,95
cow,95
auction,95
bike,95
rudi,95
china,95
degre,95
elena,95
govt,95
news,95
beach,95
super,95
buchanan,95
order,95
joel,95
mid,95
wing,95
bounc,95
and,95
usa,95
abl,95
earlier,95
delet,95
instanc,95
germani,95
luck,95
present,95
gun,95
lopez,95
rio,95
contrari,95
irena,95
method,95
glanc,95
consider,95
sager,95
ocean,95
curiou,95
airlin,95
satisfactori,95
elsewher,95
proposit,95
chen,95
boyfriend,95
jill,95
visit,95
convinc,95
april,95
tokyo,95
felt,95
ginger,95
boyd,95
print,95
ran,95
reschedul,95
explicit,95
questionnair,95
trademark,95
imbal,95
barn,95
lost,95
dial,95
therebi,95
difficult,95
midwest,95
resist,95
bryant,95
shirt,95
fashion,95
judi,95
titl,95
casual,95
permit,95
captur,95
derek,95
script,95
steadi,95
bust,95
hast,95
outsourc,95
butler,95
admiss,95
struck,95
stranger,95
federico,95
fantast,95
databas,95
swing,95
stress,95
marco,95
separ,95
bulk,95
heavili,95
focu,95
condit,95
effici,95
ross,95
benjamin,95
smtp,95
wind,95
northeast,95
howdi,95
anthoni,95
terrorist,95
closest,95
prepay,95
billi,95
tiger,95
concur,95
keegan,95
hodg,95
where,95
deploy,95
litig,95
our,95
harvard,95
importantli,95
identifi,95
district,95
flag,95
warren,95
invalid,95
IL,95
beer,95
nevada,95
robertson,95
meaning,95
bridg,95
commenc,95
everyon,95
we,95
denver,95
kinda,95
profit,95
apt,95
compressor,95
irvin,95
entireti,95
club,95
built,95
embed,95
usual,95
text,95
wood,95
nevertheless,95
anonym,95
kitchen,95
invest,95
purpos,95
molli,95
margi,95
wast,95
incumb,95
compar,95
envelop,95
brandon,95
purchas,94
kick,94
evil,94
colorado,94
stand,94
tape,94
equiti,94
vet,94
darla,94
item,94
wash,94
phi,94
yvett,94
trader,94
such,94
prep,94
confer,94
chase,94
amoco,94
workforc,94
clayton,94
obtain,94
sanction,94
gross,94
koenig,94
anyth,94
machin,94
health,94
thanksgiv,94
tackl,94
folder,94
tight,94
significantli,94
karen,94
summar,94
concret,94
rush,94
agricultur,94
qualif,94
supposedli,94
out,94
gut,94
peggi,94
branch,94
thoreau,94
path,94
paul,94
mistak,94
briefli,94
commentari,94
compaq,94
factual,94
galleria,94
aol,94
curti,94
unauthor,94
boardroom,94
puget,94
second,94
suffici,94
yellow,94
farm,94
darlen,94
tower,94
delainey,94
earli,94
search,94
hawaii,94
now,94
agent,94
dustin,94
administr,94
satisfact,94
advantag,94
christoph,94
bulletin,94
fresh,94
griffith,94
less,94
redmond,94
shelli,94
coincid,94
economi,94
stomach,94
anyway,94
spa,94
variat,94
ole,94
wed,94
term,94
optimist,94
their,94
el,94
fenc,94
crucial,94
offici,94
salomon,94
honor,94
concurr,94
prayer,94
checklist,94
librari,94
interfer,94
held,94
printout,94
wet,94
residu,94
whole,94
keynot,94
neal,94
appoint,94
lobbyist,94
paso,94
disclaim,94
everywher,94
walton,94
current,94
broader,94
megawatt,94
SO,94
fowler,94
notion,94
supplier,94
NW,94
Mo,94
boost,94
creditor,94
johnston,94
metric,94
pair,94
brent,94
reput,94
ion,94
depart,94
subsequ,94
sea,94
immedi,94
janett,94
meredith,94
avail,94
buddi,94
credibl,94
ted,94
inher,94
board,94
eta,94
retent,94
paper,94
frozen,94
um,94
tonight,94
dark,94
exot,94
knowledg,94
contractor,94
handi,94
context,94
wisconsin,94
candid,94
typic,94
lynda,94
unanim,94
hous,94
hamilton,94
catalog,94
suffic,94
exclus,94
itinerari,94
minist,94
certif,94
hal,94
simon,94
portal,94
hilari,94
NP,94
regular,93
crack,93
milli,93
watch,93
loop,93
He,93
hold,93
cri,93
floor,93
relief,93
smooth,93
rebuild,93
annex,93
prevent,93
trigger,93
realli,93
lydia,93
phoenix,93
substanc,93
clark,93
bradley,93
gallon,93
scari,93
owe,93
broadband,93
forest,93
capitol,93
drop,93
ago,93
financ,93
fin,93
bedroom,93
suggest,93
tyler,93
hereund,93
highest,93
rose,93
teresa,93
caribbean,93
exec,93
couch,93
chart,93
normal,93
walk,93
russel,93
theme,93
ralph,93
undertak,93
gen,93
alex,93
fitzgerald,93
mexico,93
tee,93
transcript,93
vanessa,93
korea,93
wherebi,93
beck,93
manual,93
westinghous,93
angl,93
rout,93
option,93
transit,93
fight,93
awhil,93
practic,93
phase,93
repres,93
entitl,93
secondari,93
pdt,93
twice,93
import,93
congrat,93
honestli,93
driver,93
nation,93
shari,93
disclos,93
twelv,93
recoup,93
airfar,93
again,93
yard,93
ponder,93
mandatori,93
brand,93
radio,93
swig,93
comput,93
palo,93
suit,93
perfectli,93
joy,93
nonetheless,93
expressli,93
vs,93
tva,93
retransmiss,93
explod,93
campbel,93
cedric,93
vote,93
ceremoni,93
WE,93
consolid,93
similarli,93
PS,93
entail,93
matur,93
evan,93
verd,93
yr,93
report,93
sampl,93
counterpart,93
holland,93
virus,93
numer,93
chandler,93
east,93
forgot,93
brazil,93
recreat,93
pay,93
premium,93
minnesota,93
footnot,93
impli,93
unknown,93
hunter,93
fay,93
holiday,93
compet,93
far,93
privat,93
american,93
shut,93
figur,93
administ,93
wife,93
firm,93
BS,93
join,93
book,93
supervis,93
manipul,93
henc,93
disagr,93
way,93
easiest,93
transfer,93
profession,93
transact,93
penni,93
pad,93
audienc,93
specifi,93
util,93
magnitud,93
shop,93
herman,93
shown,93
urgenc,93
head,93
festiv,93
header,93
greet,93
rang,93
op,92
arbitr,92
resourc,92
edi,92
airplan,92
notabl,92
hardli,92
particularli,92
emeri,92
skill,92
negoti,92
calm,92
default,92
affirm,92
daili,92
breakfast,92
peac,92
damn,92
spald,92
bentley,92
speak,92
build,92
leah,92
depend,92
voluntari,92
link,92
clearanc,92
system,92
squar,92
HR,92
spring,92
charact,92
februari,92
program,92
bail,92
baker,92
iso,92
hood,92
aluminum,92
seat,92
music,92
MO,92
secret,92
easier,92
referr,92
redraft,92
they,92
arthur,92
start,92
basi,92
blake,92
convert,92
seen,92
circul,92
OR,92
alabama,92
compris,92
therefor,92
infrastructur,92
De,92
davidson,92
domain,92
egg,92
broaden,92
mariann,92
block,92
engin,92
wherev,92
alexandra,92
corey,92
suarez,92
shall,92
PC,92
ldc,92
write,92
congress,92
blackout,92
six,92
meaningless,92
argentin,92
sturm,92
plant,92
nomin,92
forgiv,92
lock,92
laird,92
marcelo,92
big,92
whatev,92
headlin,92
topic,92
pile,92
probabl,92
sad,92
bryan,92
darrel,92
On,92
spell,92
andrew,92
placement,92
slow,92
marriag,92
lb,92
fortun,92
screw,92
My,92
samuel,92
mirror,92
amort,92
household,92
rapidli,92
noon,92
station,92
townsend,92
complex,92
julian,92
comparison,92
dick,92
consecut,92
dip,92
surviv,92
clarifi,92
gasolin,92
certainli,92
telephon,92
son,92
thought,92
somebodi,91
breath,91
techniqu,91
mac,91
eileen,91
pleasur,91
todd,91
forev,91
darren,91
avg,91
coat,91
luce,91
By,91
diseas,91
chill,91
harder,91
minut,91
eas,91
eduardo,91
countri,91
moder,91
substant,91
supervisor,91
candac,91
joe,91
wors,91
homework,91
ill,91
blown,91
tier,91
asid,91
how,91
albani,91
whoever,91
deregul,91
match,91
kendal,91
recogn,91
dear,91
mari,91
reserv,91
experienc,91
oop,91
william,91
bare,91
stoke,91
timothi,91
bjorn,91
sink,91
oversight,91
surpris,91
initi,91
four,91
mont,91
column,91
ha,91
secur,91
lord,91
talent,91
sheri,91
crowd,91
pitch,91
compromis,91
unchang,91
abramo,91
standard,91
server,91
sum,91
kimberli,91
SA,91
fest,91
decid,91
markup,91
done,91
sherri,91
dispatch,91
auto,91
nikki,91
richardson,91
ned,91
emiss,91
wound,91
wit,91
founder,91
whine,91
singapor,91
sap,91
knew,91
parkway,91
save,91
metal,91
master,91
believ,91
punish,91
hr,91
split,91
Lu,91
team,91
tender,91
robin,91
benefici,91
tent,91
must,91
incorrect,91
perceiv,91
clarissa,91
barney,91
circl,91
deserv,91
lone,91
nuclear,91
alli,91
expenditur,91
spot,91
phrase,91
lamar,91
warranti,91
coastal,91
heaven,91
procedur,91
likewis,91
hank,91
checkout,91
spec,91
PA,91
evidenc,91
howev,91
pub,91
rev,91
coach,91
philipp,91
tough,91
withheld,91
intellig,91
pacif,91
inn,91
sender,91
wellhead,90
concern,90
baldwin,90
rate,90
Be,90
daddi,90
iowa,90
intrast,90
robert,90
imper,90
conclus,90
rise,90
chi,90
toward,90
publicli,90
consid,90
rider,90
BE,90
lindberg,90
drawn,90
engag,90
AT,90
enforc,90
abbrevi,90
wrap,90
reach,90
leagu,90
mall,90
qualifi,90
around,90
upgrad,90
say,90
idiot,90
sorri,90
ryan,90
player,90
ton,90
miner,90
jesu,90
eve,90
cash,90
OH,90
flow,90
lawsuit,90
glen,90
jolli,90
cooki,90
adapt,90
concentr,90
dell,90
shortag,90
opt,90
surround,90
demand,90
wrong,90
compli,90
inflat,90
disput,90
ring,90
laptop,90
fraud,90
movement,90
union,90
garrett,90
cordial,90
UP,90
fit,90
ceil,90
kaiser,90
sold,90
harass,90
danger,90
oppos,90
monica,90
kristen,90
permian,90
treatment,90
neglig,90
react,90
winner,90
absorb,90
inclus,90
pat,90
isabel,90
fort,90
elev,90
driven,90
semest,90
familiar,90
outcom,90
foot,90
invoic,90
proce,90
spoken,90
bruce,90
anniversari,90
true,90
texa,90
willing,90
wa,90
export,90
drunk,90
surgeri,90
patel,90
class,90
highli,90
marriott,90
moral,90
huh,90
VA,90
raw,90
which,90
hardwar,90
correct,90
navig,90
alexand,90
robust,90
ruin,90
sharron,90
elli,90
interrupt,90
real,90
mario,90
cool,90
public,90
neck,90
pursuant,90
rocki,90
advisori,90
rent,90
adob,90
anim,90
overlap,89
republ,89
beverli,89
jodi,89
comfort,89
invent,89
stop,89
portion,89
lesson,89
lin,89
chosen,89
sole,89
heat,89
ballot,89
anyon,89
princip,89
verbal,89
quot,89
comm,89
retir,89
hit,89
pet,89
unifi,89
analys,89
state,89
serial,89
uncertain,89
congratul,89
maker,89
iren,89
instruct,89
yell,89
harbor,89
multipl,89
stuck,89
howard,89
south,89
interfac,89
influenc,89
soccer,89
australian,89
grace,89
mason,89
assum,89
plu,89
erica,89
claudia,89
impress,89
residenti,89
gabriel,89
hook,89
omnibu,89
costli,89
clariti,89
celebr,89
australia,89
referenc,89
melba,89
VP,89
excit,89
god,89
cromwel,89
jeffrey,89
singl,89
within,89
wherea,89
kean,89
replic,89
diffus,89
who,89
exce,89
coke,89
sentenc,89
roberto,89
school,89
strand,89
remark,89
zip,89
pool,89
realist,89
hugh,89
expir,89
ice,89
forego,89
injunct,89
miss,89
fleme,89
advisor,89
OK,89
trend,89
incomplet,89
miami,89
stakehold,89
lewi,89
transform,89
top,89
anderson,89
murray,89
alway,89
simul,89
rehear,89
copper,89
confidenti,89
wake,89
alreadi,89
leverag,89
mainten,89
involv,89
newli,89
aim,89
territori,89
van,89
sake,89
pleasant,89
connect,88
sutton,88
damag,88
privileg,88
kara,88
star,88
nois,88
AB,88
preserv,88
emphasi,88
distanc,88
prospect,88
cheryl,88
SB,88
allegheni,88
straight,88
notifi,88
sponsor,88
test,88
climat,88
replac,88
fletcher,88
fielder,88
lay,88
fee,88
chicago,88
basket,88
post,88
horton,88
grown,88
government,88
some,88
arkansa,88
dri,88
tim,88
friend,88
complain,88
orlean,88
reduct,88
Of,88
toni,88
oliv,88
kristina,88
quit,88
kerri,88
handl,88
luncheon,88
surg,88
discret,88
begin,88
doubt,88
those,88
matter,88
pound,88
apb,88
alonso,88
courtney,88
form,88
boilerpl,88
grate,88
watson,88
cantrel,88
structur,88
aw,88
sincer,88
hurrican,88
caption,88
contend,88
border,88
fischer,88
frank,88
holst,88
HP,88
consist,88
great,88
dude,88
herein,88
non,88
exhibit,88
bar,88
letter,88
film,88
never,88
crystal,88
scream,88
wyom,88
restaur,88
franklin,88
BC,88
amelia,88
wholli,88
cheap,88
through,88
repli,88
somehow,88
revolv,88
analysi,88
Al,88
round,88
everi,88
mack,88
en,87
enter,87
modest,87
row,87
randi,87
minim,87
shawn,87
king,87
harper,87
overlook,87
expertis,87
food,87
outlin,87
enorm,87
visual,87
fare,87
gene,87
signatur,87
progress,87
dream,87
sector,87
mutual,87
expos,87
edit,87
burden,87
unpaid,87
arnold,87
sometim,87
western,87
sweet,87
steven,87
midnight,87
usag,87
barton,87
Oh,87
output,87
winston,87
trust,87
ratepay,87
user,87
abc,87
reliev,87
hospit,87
three,87
licens,87
bake,87
pie,87
restrict,87
most,87
monitor,87
reform,87
upon,87
disagre,87
obvious,87
local,87
truste,87
speed,87
money,87
wanda,87
nat,87
bryce,87
silli,87
sub,87
tawney,87
crash,87
later,87
vessel,87
thereto,87
imag,87
ami,87
sheet,87
miller,87
salari,87
bright,87
connecticut,86
lawyer,86
oasi,86
weak,86
larri,86
ravi,86
Co,86
mississippi,86
upstream,86
anita,86
controversi,86
Si,86
carri,86
signific,86
extra,86
survey,86
press,86
assembl,86
reimburs,86
nyse,86
lisa,86
puppi,86
size,86
seem,86
vehicl,86
conjunct,86
worthi,86
bureau,86
discharg,86
tommi,86
panda,86
base,86
bailey,86
product,86
knight,86
evolv,86
affair,86
guard,86
israel,86
buck,86
endors,86
tie,86
virtual,86
pinnacl,86
river,86
pipe,86
harold,86
corpor,86
christin,86
bobbi,86
hydro,86
momentum,86
bottom,86
premier,86
self,86
enhanc,86
put,86
near,86
sail,86
instrument,86
pilot,86
assign,86
MD,86
abstract,86
island,86
veri,86
each,86
will,86
tod,86
ancillari,86
sun,86
AA,86
bigger,86
grad,86
enclosur,86
compliment,86
respect,86
age,86
MA,86
powel,86
target,86
explan,86
joann,85
shelley,85
small,85
pam,85
cassandra,85
daughter,85
contractu,85
murphi,85
websit,85
plain,85
stabil,85
ridicul,85
allan,85
parker,85
christina,85
fan,85
word,85
borrow,85
boston,85
oil,85
shannon,85
passag,85
much,85
previou,85
resent,85
basebal,85
uniform,85
insan,85
director,85
interim,85
takeov,85
lender,85
suppos,85
type,85
preliminari,85
pagan,85
educ,85
jennif,85
plastic,85
worst,85
sex,85
fellow,85
burk,85
rodriguez,85
circumst,85
broad,85
unreason,85
smell,85
wheel,85
failur,85
presenc,85
gentlemen,85
reuter,85
mainli,85
gay,85
resid,85
chri,85
jae,85
kristi,85
power,85
bia,85
design,85
tana,85
repay,85
into,85
accrual,85
ibm,85
trillion,85
rock,85
strictli,84
BY,84
postpon,84
focus,84
play,84
hand,84
all,84
alright,84
confid,84
bed,84
mathew,84
staci,84
avoid,84
mediat,84
compos,84
joke,84
septemb,84
decent,84
old,84
blame,84
bass,84
wisdom,84
dot,84
oppon,84
sever,84
articl,84
dig,84
stuart,84
resel,84
attitud,84
session,84
valv,84
likelihood,84
wilson,84
garcia,84
strong,84
scenario,84
approach,84
theoret,84
acceler,84
chines,84
ON,84
PO,84
horizon,84
gap,84
threshold,84
divis,84
motion,84
everyday,84
chest,84
fox,84
port,83
jess,83
suck,83
viabl,83
incident,83
phd,83
hedg,83
clara,83
blast,83
wheatland,83
interact,83
marshal,83
fulfil,83
easi,83
oklahoma,83
part,83
stacey,83
keith,83
patienc,83
central,83
event,83
gibb,83
platform,83
perfect,83
beverag,83
brokerag,83
counsel,83
recap,83
dissemin,83
salt,83
proport,83
transmiss,83
girl,83
janin,83
frame,83
face,83
clear,83
randal,83
advers,83
marsha,83
children,82
reject,82
bodi,82
keenan,82
father,82
properti,82
gleason,82
outsid,82
fiscal,82
particular,82
carson,82
marilyn,82
montana,82
spark,82
constel,82
settl,82
neighborhood,82
publish,82
success,82
NO,82
sore,82
bundl,82
wallac,82
facil,82
melani,82
toss,82
narrow,82
ani,82
throughout,82
merg,82
mauricio,82
decis,82
cambridg,82
mitchel,82
fever,82
enemi,82
ascertain,82
aggreg,82
attorney,82
ricardo,82
solid,82
activ,82
mount,82
walter,82
revers,82
merced,82
thermal,81
exploit,81
deliveri,81
otc,81
carl,81
cabl,81
teeth,81
eagl,81
overwhelm,81
beat,81
author,81
Do,81
might,81
pc,81
hernandez,81
georgia,81
oct,81
battl,81
emerg,81
davi,81
trey,81
dutch,81
preston,81
ford,81
intend,81
lag,81
donald,81
ch,81
document,81
chief,81
reflect,81
alleg,81
reproduct,81
hectic,81
marisa,81
potato,81
nichola,81
address,81
outag,81
worldwid,81
turnaround,80
SW,80
GD,80
promin,80
short,80
environ,80
downgrad,80
pittsburgh,80
voter,80
enrol,80
lindi,80
memo,80
joan,80
ME,80
spare,80
explicitli,80
pulp,80
templat,80
rhonda,80
peer,80
superior,80
pull,80
batteri,80
angela,80
chair,79
citi,79
onli,79
weekli,79
tool,79
knock,79
represent,79
nearbi,79
area,79
allegedli,79
rehears,79
dan,79
chapter,79
across,79
especi,79
tremend,79
cliff,79
request,79
bidder,79
guillermo,79
luxuri,79
yesterday,79
swiss,79
known,79
janic,79
st,79
function,79
shapiro,79
hotel,79
huge,79
anxiou,79
role,79
intellectu,79
treasur,78
leonardo,78
polic,78
liabil,78
switch,78
ricki,78
tracey,78
someon,78
doctor,78
holden,78
trip,78
boy,78
first,78
show,77
examin,77
daylight,77
dish,77
tammi,77
right,77
line,77
refineri,77
unbeliev,77
attract,77
for,77
appris,77
return,77
roll,77
zipper,77
intern,76
inject,76
viewer,76
strateg,76
harlan,76
easili,76
set,76
JP,76
orient,76
allianc,76
jonathan,76
holder,76
recoveri,76
wax,75
iii,75
weird,75
counter,75
methodolog,75
recours,75
inquir,75
vicker,75
protect,75
var,74
modifi,74
nope,73
wan,73
fallen,73
detect,73
underway,72
bomb,72
lowest,72
stone,71
investor,70
brown,69
januari,69
furthermor,66
thoroughli,65
kinney,63
"interact
",1
"paula
",1
"vega
",1
"morgan
",1
"loos
",1
"latter
",1
